Expedition,Map
Greasy Fields,Bone Belt
Rib Row,Bone Belt
Lake Longloss,Bone Belt
Cold Mines,Bone Belt
Frosted Tops,Bone Belt
Bigfoot Gardens,Bone Belt
Primal Frontier,Bone Belt
Chomper Jungle,Bone Belt
Gnawn Wood,Bone Belt
Treacle Ponds,Bone Belt
Hermit Hills,Bone Belt
Must End,Bone Belt
Carrion Trail,Bone Belt
Spoony Dunes,Bone Belt
Withering Way,Bone Belt
Scruffy Bluff,Bone Belt
Rex Rock,Bone Belt
Herbaceous Greens,Bone Belt
Vintage Vestiges,Bone Belt
Lethargic River,Bone Belt
Stop B & D,Bone Belt
Ginormous Rock,Bone Belt
Old Yolk Dome,Bone Belt
Shag Summit,Bone Belt
Temple of the Blobs,Bone Belt
Silverback Swamp,Bone Belt
Hogsport Peninsula,Two Point Sea
Pebberley Reef,Two Point Sea
Pebberley Coast,Two Point Sea
Overgrowth Jungle,Two Point Sea
Bone Bank,Two Point Sea
Gulfweed Grove,Two Point Sea
Tide Mountain,Two Point Sea
Marina Junction,Two Point Sea
S.S. Silverbottom,Two Point Sea
Silverbottom Salvage,Two Point Sea
Murky Middlesea,Two Point Sea
Ravenous Caverns,Two Point Sea
Wetlantean Outskirts,Two Point Sea
Wetlantean Catacombs,Two Point Sea
Wetlantean Treasure Trove,Two Point Sea
Numb Drop,Two Point Sea
Coldspot Cave,Two Point Sea
Downtown Wetlantis,Two Point Sea
Uptown Wetlantis,Two Point Sea
Soggy Grotto,Two Point Sea
Volcanic Springs,Two Point Sea
Gelatinous Gorge,Two Point Sea
Wetlanteans Wilderness,Two Point Sea
Darkest Depths,Two Point Sea
Wetlantean Underwater,Two Point Sea
Infernal Station,Netherworld
Endless Dump,Netherworld
Iced Spires,Netherworld
Slumber Yard,Netherworld
Mushroom Wilds,Netherworld
Grave Shallows,Netherworld
Netherworld's Fair,Netherworld
Hellhole Hangout,Netherworld
Backwards Passage,Netherworld
Dead Air Theatre,Netherworld
The Resting Place,Netherworld
Alternate Yesterday,Netherworld
Malicious Dungeon,Netherworld
Reaper Furrow,Netherworld
Semi-Evil Castle,Netherworld
Familiar Falls,Netherworld
Paranormal Detection Agency,Netherworld
Fog Moors,Netherworld
Spiffinmoore's Spire,Netherworld
Oreful Quarry,Bungle Burrows
Surplus Supplies,Bungle Burrows
Bungle Burrows,Bungle Burrows
Allotment Labs,Bungle Burrows
Upper Antique Archives,Bungle Burrows
Laser Labs,Bungle Burrows
Security Labs,Bungle Burrows
Chemical Labs,Bungle Burrows
Robot Labs,Bungle Burrows
Modification Labs,Bungle Burrows
Shock Labs,Bungle Burrows
Memory Labs,Bungle Burrows
Counter Intelligence Labs,Bungle Burrows
Medical Labs,Bungle Burrows
Charge Labs,Bungle Burrows
Golden Mine,Bungle Burrows
Lower Antique Archives,Bungle Burrows
Crystal Caves,Bungle Burrows
Cryo Labs,Bungle Burrows
Two Point Orbit,Known Universe
The Moon,Known Universe
Mozzastella,Known Universe
Blue Cheese Moon,Known Universe
Motherboard,Known Universe
Gibbon Moon One,Known Universe
Gibbon Moon Two,Known Universe
Space Gibbon Circuit,Known Universe
Gibbon Moon Three,Known Universe
Ribbetonia,Known Universe
Hyperway Services,Known Universe
Satelilly Pad,Known Universe
Hayley's Comet,Known Universe
Anomalonian Archives,Known Universe
Meat Wizard,Digiverse
Meat Wizard 2,Digiverse
Meat Wizard 3D,Digiverse
Data Stream,Digiverse
The Marrows,Digiverse
Gale Cliffs,Digiverse
Stellar Basin,Digiverse
Mad Forest,Digiverse
Inlaid Library,Digiverse
Cappella Magna,Digiverse
The Fledgling Arms,Scorched Earth
Wishfell Village,Scorched Earth
Fairydale,Scorched Earth
Fairydale (Destroyed),Scorched Earth
Rainor Shrine,Scorched Earth
Archwise Rise,Scorched Earth
Portstorm,Scorched Earth
Troll Bridge,Scorched Earth
Battlefelled,Scorched Earth
Mines of Adnausea,Scorched Earth
Great Dwharf,Scorched Earth
Furious Forge,Scorched Earth
Cog Tower,Scorched Earth
Folktown,Scorched Earth
The Woblin' Goblin,Scorched Earth
Jagged Jaunt,Scorched Earth
Obscure City,Scorched Earth
Cumulus Woods,Scorched Earth
Upside Town,Scorched Earth
Halvenhaf Castle,Scorched Earth
Longrange Inn,Scorched Earth
Bizarre Market,Scorched Earth
Flue Pastures,Scorched Earth
Wyvern Way,Scorched Earth
Mount Gloom,Scorched Earth
Sticky Thicket,Farflung Isles
Farflung Jungle,Farflung Isles
Eversteam Forest,Farflung Isles
Eaten Track,Farflung Isles
Bumbling Bush,Farflung Isles
The Heat Line,Farflung Isles
Lion Lowlands,Farflung Isles
Farflung Desert,Farflung Isles
Parched Prairie,Farflung Isles
Spore Garden,Farflung Isles
Farflung Green,Farflung Isles
Meander Meadow,Farflung Isles
Goldrush Stream,Farflung Isles
Farflung Caves,Farflung Isles
Under Wilds,Farflung Isles
Chilly Heather,Farflung Isles
Briskward Brook,Farflung Isles
Farflung Cliffs,Farflung Isles
Iceberg Dip,Farflung Isles
